mephistophilis,23.47
launcelet,19.56
æneas,15.65
chooseth,11.74
greekish,11.74
puntarvolo,7.82
reprobated,7.82
matrevis,7.82
walles,7.82
fatall,7.82
fluxure,7.82
fleete,7.82
dramatise,7.82
heauen,7.82
didos,7.82
littlewit,7.82
puntilios,7.82
buffone,7.82
noyshes,7.82
aroint,7.82
untruss,7.82
sogliardo,7.82
mooncalf,7.82
shoare,7.82
controlment,7.82
amateurishness,7.82
pedantically,7.82
remembring,3.91
gamesome,3.91
calvered,3.91
costard,3.91
infortunate,3.91
dardania,3.91
carwhitchets,3.91
cavilling,3.91
waues,3.91
tythe,3.91
inforst,3.91
troian,3.91
unprovokes,3.91
confronter,3.91
majestical,3.91
castril,3.91
heapes,3.91
shmock,3.91
shelfes,3.91
pedegree,3.91
divell,3.91
vasty,3.91
beggersh,3.91
villaine,3.91
vorshipful,3.91
banquetted,3.91
ioy,3.91
backbite,3.91
cerecloth,3.91
tarriers,3.91
colstaff,3.91
thanes,3.91
aidant,3.91
misreckon,3.91
votum,3.91
sdeath,3.91
equivocates,3.91
carkasses,3.91
tuae,3.91
attemptings,3.91
childermass,3.91
modelising,3.91
unfruitfully,3.91
harelip,3.91
cutpurse,3.91
siluanus,3.91
poetaster,3.91
lurke,3.91
wearie,3.91
fungoso,3.91
waxe,3.91
fayned,3.91
histriomastix,3.91
vinvife,3.91
epernoune,3.91
footstoole,3.91
spakest,3.91
summoners,3.91
quiddits,3.91
occasus,3.91
demogorgon,3.91
gallantsh,3.91
calde,3.91
servilely,3.91
macilente,3.91
tricke,3.91
purpled,3.91
deuotion,3.91
pulchre,3.91
leefest,3.91
meiny,3.91
deuorce,3.91
zwaggered,3.91
causde,3.91
lichas,3.91
concinnity,3.91
vnlockt,3.91
soare,3.91
madded,3.91
deepe,3.91
chrysopoeia,3.91
edwardum,3.91
billowes,3.91
nimphs,3.91
vausis,3.91
bullokar,3.91
sillie,3.91
spensers,3.91
cowlstaff,3.91
clodhopper,3.91
petronels,3.91
ouercome,3.91
catso,3.91
agast,3.91
ouerioyed,3.91
mephistophile,3.91
cansht,3.91
lippis,3.91
unaccommodated,3.91
sawe,3.91
bourd,3.91
iunos,3.91
henries,3.91
wolvish,3.91
vnlesse,3.91
canonist,3.91
vntill,3.91
clambers,3.91
camouccio,3.91
tenedos,3.91
leshure,3.91
cautelous,3.91
unrude,3.91
cibation,3.91
erewhile,3.91
timere,3.91
headier,3.91
reconcild,3.91
lendings,3.91
falles,3.91
chopine,3.91
sordido,3.91
cimici,3.91
proue,3.91
famoused,3.91
swannes,3.91
heaue,3.91
sacrifize,3.91
phitin,3.91
pythagorical,3.91
slud,3.91
reuerence,3.91
hectors,3.91
backbites,3.91
brabblesh,3.91
mineruas,3.91
loueth,3.91
saucily,3.91
buzzeth,3.91
necke,3.91
strucken,3.91
securitie,3.91
soveraigne,3.91
wantons,3.91
slackt,3.91
strewments,3.91
hatchment,3.91
nuncle,3.91
peepeth,3.91
glooming,3.91
sackt,3.91
unthrifty,3.91
ceruse,3.91
iupiter,3.91
halberds,3.91
quartain,3.91
spets,3.91
confluctions,3.91
gasted,3.91
surfeits,3.91
occidere,3.91
griefe,3.91
casemate,3.91
chequin,3.91
chrisogonus,3.91
filcher,3.91
murtherer,3.91
renowmed,3.91
noyse,3.91
filths,3.91
relliques,3.91
swoln,3.91
adioyning,3.91
cloughs,3.91
renegate,3.91
prouds,3.91
enguard,3.91
waightie,3.91
ouersight,3.91
undivulged,3.91
redresses,3.91
unstinted,3.91
underborne,3.91
vanholt,3.91
sulphure,3.91
unpointed,3.91
volke,3.91
fannes,3.91
employd,3.91
outbrave,3.91
vizards,3.91
deedes,3.91
beweep,3.91
cokely,3.91
controule,3.91
villanously,3.91
calumniators,3.91
offisher,3.91
murther,3.91
ticing,3.91
throughfares,3.91
shuffishient,3.91
rankness,3.91
woundings,3.91
countervaile,3.91
claridiana,3.91
oares,3.91
nauie,3.91
hyrcanian,3.91
gadshill,3.91
weepeth,3.91
pyed,3.91
ballow,3.91
lunacie,3.91
intangled,3.91
camused,3.91
clicket,3.91
braines,3.91
priamus,3.91
dissolue,3.91
superciliously,3.91
tapster,3.91
chrysosperm,3.91
headles,3.91
roarer,3.91
choplogic,3.91
cognatio,3.91
caliver,3.91
heartly,3.91
wagge,3.91
signiory,3.91
epicoene,3.91
detaineth,3.91
guenever,3.91
ortus,3.91
austerest,3.91
callet,3.91
fancie,3.91
iarbus,3.91
prythee,3.91
vnrigd,3.91
strooke,3.91
micklewit,3.91
watrie,3.91
theile,3.91
heeles,3.91
orke,3.91
spyes,3.91
rulde,3.91
fiendful,3.91
aristocratical,3.91
affricke,3.91
unworthier,3.91
anatomised,3.91
prentices,3.91
seruants,3.91
siluer,3.91
lightborn,3.91
ulcerous,3.91
clerimont,3.91
remotion,3.91
carwhitchet,3.91
surfetted,3.91
clowdes,3.91
sailes,3.91
possest,3.91
vilt,3.91
shentlemen,3.91
casamate,3.91
cockstone,3.91
calivers,3.91
lishen,3.91
slaue,3.91
parricides,3.91
direful,3.91
salerio,3.91
interde,3.91
damnèd,3.91
crotchets,3.91
liues,3.91
carosh,3.91
consonancy,3.91
grandsir,3.91
monstrousness,3.91
equivocator,3.91
nighted,3.91
saile,3.91
ioue,3.91
clarissimo,3.91
dunsinane,3.91
pudder,3.91
thrasymene,3.91
cheveil,3.91
catamite,3.91
disheartens,3.91
pereat,3.91
caue,3.91
ursla,3.91
neoptolemus,3.91
lanthorn,3.91
chiaus,3.91
cutbeard,3.91
furrowd,3.91
chartel,3.91
guilts,3.91
trecherous,3.91
blewish,3.91
rampierd,3.91
exornation,3.91
vortnight,3.91
cleremont,3.91
thankings,3.91
meae,3.91
guerdon,3.91
polyolbion,3.91
unsanctified,3.91
loathly,3.91
entrailes,3.91
citronise,3.91
saviolina,3.91
caract,3.91
windes,3.91
vnhappie,3.91
deject,3.91
champains,3.91
solyman,3.91
innated,3.91
nolite,3.91
shrinkes,3.91
fantasticoes,3.91
iuno,3.91
swithold,3.91
shewers,3.91
cinoper,3.91
crosiers,3.91
carthagens,3.91
cioppini,3.91
tonsoribus,3.91
achates,3.91
diamondising,3.91
drousie,3.91
truewit,3.91
caranza,3.91
entred,3.91
louely,3.91
quenchles,3.91
capaneus,3.91
owest,3.91
mildews,-5.55
rebell,-5.57
thred,-5.57
revenging,-5.59
epeus,-5.63
paines,-5.63
breake,-5.64
laocoon,-5.65
unthankful,-5.66
dasht,-5.69
neece,-5.71
addle,-5.72
victual,-5.72
afeard,-5.73
twanging,-5.73
cockscomb,-5.73
raue,-5.74
leaue,-5.74
unconscionably,-5.74
complaisant,-5.75
bondman,-5.77
frighted,-5.82
confirme,-5.83
mixt,-5.83
vaunt,-5.84
jangled,-5.86
caitiff,-5.86
beames,-5.86
hilding,-5.86
unprovided,-5.86
storme,-5.87
sternest,-5.88
descry,-5.88
workes,-5.90
wheedle,-5.92
meane,-5.93
circumlocution,-5.95
nazarite,-5.95
alcides,-5.96
cripplegate,-5.97
lisping,-5.97
threatenings,-5.98
gallow,-6.00
fettle,-6.00
churl,-6.03
obsequies,-6.04
volpone,-6.04
hesperides,-6.05
forswear,-6.06
halfe,-6.07
jollity,-6.08
pestilent,-6.08
dotage,-6.11
embden,-6.16
flye,-6.16
glutted,-6.16
benvolio,-6.17
slops,-6.22
nobleness,-6.24
winde,-6.26
cittern,-6.28
orions,-6.29
keeles,-6.29
relenting,-6.30
methought,-6.32
carcanet,-6.32
riband,-6.33
birnam,-6.35
chiefest,-6.36
driuen,-6.38
squints,-6.38
callot,-6.38
codpiece,-6.39
jowls,-6.40
commaund,-6.40
churchyards,-6.40
hether,-6.40
inceptions,-6.41
tempora,-6.41
betimes,-6.42
streetes,-6.43
flibbertigibbet,-6.44
collop,-6.44
preferment,-6.45
waxen,-6.45
requite,-6.46
relents,-6.47
cassock,-6.47
gentles,-6.48
sunne,-6.48
weepe,-6.49
teare,-6.49
notum,-6.49
followe,-6.50
enamelling,-6.51
feete,-6.51
whereto,-6.54
maintence,-6.54
daunce,-6.57
dissemble,-6.57
deepness,-6.58
foolery,-6.59
marle,-6.60
propound,-6.61
liest,-6.62
prithee,-6.64
meete,-6.65
alack,-6.66
pythias,-6.66
banquo,-6.66
shews,-6.66
tybalt,-6.67
cashiered,-6.68
smilingly,-6.68
catchpole,-6.69
capriciously,-6.73
anciently,-6.74
wils,-6.74
kidskin,-6.74
furie,-6.75
perjured,-6.75
unbutton,-6.76
cryed,-6.76
gossipy,-6.76
vouchsafe,-6.77
honourably,-6.77
gentility,-6.77
whereat,-6.81
grandsire,-6.81
aske,-6.81
tritons,-6.82
inclining,-6.83
colly,-6.84
leavy,-6.85
twere,-6.85
torne,-6.88
beggarly,-6.90
worke,-6.92
wakened,-6.93
vouchsafed,-6.94
impossibilities,-6.95
vish,-6.97
yond,-6.98
goest,-6.99
dalliance,-6.99
benedick,-7.01
ouer,-7.01
thankfull,-7.01
nerissa,-7.05
pleaseth,-7.06
chear,-7.06
threescore,-7.06
jests,-7.08
curtesie,-7.08
tempter,-7.09
popish,-7.11
reeking,-7.14
polonius,-7.15
swindler,-7.16
mickle,-7.17
gainst,-7.18
ditties,-7.20
farre,-7.21
haire,-7.23
basted,-7.24
supplie,-7.25
codling,-7.26
blazon,-7.27
duelling,-7.27
flout,-7.28
blacken,-7.29
wrathful,-7.29
twixt,-7.29
ensigns,-7.30
prelates,-7.30
riper,-7.30
sinew,-7.31
moult,-7.32
sinon,-7.32
mercie,-7.32
sophy,-7.32
perpendicularly,-7.33
lesse,-7.33
gizzard,-7.34
coif,-7.35
steril,-7.37
jasons,-7.38
necromancy,-7.39
calles,-7.39
slumbers,-7.39
geldings,-7.40
tabard,-7.40
ridiculing,-7.42
thronged,-7.43
wisdoms,-7.43
helpe,-7.43
impertinent,-7.44
retinue,-7.44
relent,-7.44
coole,-7.46
galaxia,-7.46
consistory,-7.46
killingworth,-7.47
fleshly,-7.47
ladyship,-7.47
vintner,-7.48
ballance,-7.48
sieges,-7.48
forgone,-7.49
reproof,-7.50
entreated,-7.51
seeme,-7.51
coffer,-7.52
heroically,-7.53
simular,-7.55
cokes,-7.57
fatherly,-7.58
threadbare,-7.59
fatness,-7.59
capulet,-7.61
thespian,-7.61
battlements,-7.61
hadst,-7.62
skink,-7.62
gild,-7.63
againe,-7.64
tenures,-7.68
lamentable,-7.68
cranny,-7.68
loth,-7.68
detested,-7.68
pitied,-7.71
dainties,-7.72
ush,-7.72
lepers,-7.73
fogs,-7.74
leaden,-7.74
flints,-7.75
aright,-7.75
accosted,-7.76
flings,-7.77
harpe,-7.77
fencer,-7.78
disguising,-7.78
sunder,-7.79
foh,-7.79
attired,-7.79
omnes,-7.80
censured,-7.81
parley,-7.81
witching,-7.81
macduff,-7.82
muskets,-7.83
exhort,-7.83
peopled,-7.83
chud,-7.86
crimped,-7.87
blithe,-7.87
howsoever,-7.89
gomorrah,-7.90
merrie,-7.90
courtier,-7.91
tempts,-7.92
orld,-7.92
diadem,-7.94
servile,-7.94
excelling,-7.94
retentive,-7.95
personages,-7.99
jewelled,-7.99
incestuous,-7.99
lave,-7.99
thinke,-8.00
clim,-8.00
ashie,-8.02
claps,-8.02
loath,-8.02
phlegm,-8.03
mutes,-8.03
cinnabar,-8.03
remediate,-8.03
dross,-8.03
hearer,-8.04
centaurs,-8.05
vapours,-8.06
vehement,-8.06
contemptuous,-8.07
stoops,-8.08
despairing,-8.09
sinning,-8.09
arras,-8.09
personage,-8.10
sailers,-8.11
iste,-8.11
meads,-8.12
asse,-8.12
spiteful,-8.13
airless,-8.14
jugglers,-8.14
baited,-8.14
reek,-8.15
brutish,-8.15
salutations,-8.15
gins,-8.15
slanderous,-8.15
scimitar,-8.17
louse,-8.18
wordy,-8.19
baldock,-8.20
modernised,-8.20
insolent,-8.21
nineveh,-8.21
darting,-8.21
precipitating,-8.22
unhappily,-8.24
exaltation,-8.24
accursed,-8.24
conjured,-8.24
tickles,-8.26
fulness,-8.26
offal,-8.27
worships,-8.27
quip,-8.28
idleness,-8.29
drench,-8.29
conceited,-8.29
coldly,-8.31
wherewith,-8.31
hewn,-8.31
barbarous,-8.32
fretted,-8.32
buttock,-8.32
matin,-8.34
firmament,-8.34
thunders,-8.35
quarrels,-8.35
whalley,-8.35
comprehended,-8.35
disguises,-8.36
hockley,-8.37
repute,-8.39
buckled,-8.39
musket,-8.39
smock,-8.39
straddling,-8.39
affront,-8.41
disobedient,-8.41
finde,-8.42
maimed,-8.42
flay,-8.43
armorial,-8.44
ineffectual,-8.44
construe,-8.44
frailty,-8.46
spaniard,-8.46
benefitted,-8.48
sate,-8.48
heraldic,-8.49
tarry,-8.49
finsbury,-8.50
hellish,-8.50
quintessence,-8.51
fayre,-8.52
seale,-8.52
caskets,-8.52
infirm,-8.52
mightily,-8.53
battering,-8.53
overcoat,-8.54
roars,-8.54
pliable,-8.55
odious,-8.56
alight,-8.56
wronged,-8.57
jesu,-8.57
leatherhead,-8.57
broadside,-8.57
attentions,-8.58
thebes,-8.58
savour,-8.59
valdes,-8.60
divinely,-8.61
admonition,-8.61
promontory,-8.62
tinsel,-8.62
froth,-8.63
serpents,-8.63
citron,-8.63
ganymede,-8.63
quoth,-8.64
rascals,-8.64
needful,-8.64
subdue,-8.65
prophesy,-8.65
sickly,-8.66
vex,-8.66
frolic,-8.66
devilish,-8.67
euery,-8.67
mores,-8.69
mire,-8.69
countryman,-8.70
conquests,-8.70
breeches,-8.71
mistresses,-8.72
groans,-8.72
musick,-8.73
fittest,-8.74
salutation,-8.74
audacious,-8.75
contagion,-8.75
ridiculed,-8.76
fie,-8.76
bluntly,-8.76
swears,-8.78
wilds,-8.81
superstitious,-8.81
interchangeably,-8.81
allusion,-8.81
sanctified,-8.82
carrion,-8.82
panting,-8.83
contaminate,-8.84
domus,-8.84
errand,-8.84
gallows,-8.85
undoing,-8.85
soundly,-8.86
undervalued,-8.86
deformity,-8.86
naught,-8.86
imitating,-8.87
sprinkling,-8.87
forsake,-8.88
facile,-8.88
canter,-8.88
choppy,-8.89
idolatry,-8.89
semblance,-8.89
forked,-8.91
sirs,-8.91
criticise,-8.91
drowsy,-8.91
fain,-8.91
beheaded,-8.91
sonne,-8.91
taint,-8.92
rarest,-8.93
suspends,-8.93
mirth,-8.94
nonce,-8.94
sustenance,-8.94
censors,-8.94
bluish,-8.95
rive,-8.95
dutchman,-8.96
rump,-8.96
quibble,-8.96
doubting,-8.97
porridge,-8.98
tickled,-8.98
vill,-8.99
clearest,-8.99
sodom,-8.99
bristle,-9.00
glories,-9.00
stung,-9.00
unaccompanied,-9.00
lancelot,-9.01
brows,-9.01
traitors,-9.01
leapt,-9.01
sweetly,-9.02
harrowing,-9.02
hypocrite,-9.02
judicious,-9.02
meteors,-9.02
robberies,-9.03
silks,-9.03
budge,-9.03
conjure,-9.03
prodigal,-9.03
quiver,-9.03
friar,-9.04
harte,-9.04
talker,-9.04
lordship,-9.05
unstrung,-9.06
minion,-9.06
straws,-9.06
reproach,-9.07
persuading,-9.07
breathes,-9.07
blushing,-9.07
incite,-9.07
bonny,-9.08
belcher,-9.08
owne,-9.09
bushy,-9.10
politic,-9.11
contentment,-9.11
unsatisfied,-9.11
expel,-9.14
ides,-9.14
pitiful,-9.15
sprites,-9.15
busines,-9.16
wittenberg,-9.16
envious,-9.16
cates,-9.16
grievous,-9.17
secretive,-9.17
quench,-9.17
oaths,-9.18
giddy,-9.18
tyrants,-9.18
grooms,-9.18
bristow,-9.18
detain,-9.18
halting,-9.19
denoting,-9.19
proteus,-9.19
minions,-9.19
coals,-9.19
gurney,-9.20
habitation,-9.20
kestrel,-9.20
wart,-9.20
fortitude,-9.21
puffs,-9.22
garters,-9.22
wanton,-9.22
closeness,-9.23
predicament,-9.23
humbly,-9.24
profess,-9.24
clem,-9.24
impurity,-9.25
mow,-9.25
gossamer,-9.25
shadowy,-9.25
fates,-9.25
sloth,-9.25
nether,-9.25
courtship,-9.26
foils,-9.27
barbarians,-9.28
muses,-9.28
pickled,-9.28
stupendous,-9.28
bribes,-9.30
martino,-9.30
tice,-9.30
revel,-9.30
frenchman,-9.30
innocents,-9.31
horrid,-9.31
contrived,-9.31
rialto,-9.31
sconce,-9.32
whither,-9.33
tubal,-9.34
saxony,-9.34
greets,-9.35
entice,-9.35
ophelia,-9.35
leprosy,-9.36
affections,-9.36
breathless,-9.36
disperse,-9.37
flatter,-9.37
hanged,-9.37
eminence,-9.37
cordelia,-9.37
artful,-9.38
pretext,-9.38
rook,-9.38
eastward,-9.39
circling,-9.39
grasped,-9.39
steadfast,-9.40
icarus,-9.41
pox,-9.41
senseless,-9.41
retires,-9.41
phen,-9.42
horatio,-9.43
hinds,-9.43
scorn,-9.43
watery,-9.43
shrunk,-9.44
pranks,-9.44
intermission,-9.45
clout,-9.46
navarre,-9.46
circumvent,-9.47
impeach,-9.47
flattering,-9.47
nigh,-9.48
thyself,-9.48
daw,-9.48
fathom,-9.49
manhood,-9.49
swore,-9.49
hangings,-9.50
trespass,-9.50
tully,-9.50
triumphs,-9.50
slander,-9.50
softening,-9.51
turret,-9.51
fling,-9.52
humming,-9.53
spake,-9.53
robbers,-9.53
yawn,-9.53
curfew,-9.54
steed,-9.55
thorns,-9.56
wot,-9.57
rushes,-9.57
ens,-9.57
loathing,-9.58
pamper,-9.58
spiced,-9.58
caricature,-9.58
husbandry,-9.59
ise,-9.60
privy,-9.61
broadest,-9.61
tyrant,-9.62
wretched,-9.62
murderous,-9.63
fawn,-9.63
necks,-9.64
cess,-9.64
vomit,-9.64
guise,-9.64
forthwith,-9.64
apprehension,-9.64
perjury,-9.65
fortnight,-9.65
noses,-9.65
wrongs,-9.65
sirens,-9.65
lain,-9.65
deceive,-9.66
gingerbread,-9.66
extremity,-9.66
mares,-9.67
laced,-9.67
whit,-9.67
puddle,-9.68
wholesome,-9.68
defy,-9.68
pebbles,-9.69
inscriptions,-9.70
rouse,-9.70
piled,-9.70
chastity,-9.70
grieving,-9.70
gait,-9.71
degenerate,-9.72
zo,-9.72
tributary,-9.72
flung,-9.73
nook,-9.73
harmonious,-9.74
clothed,-9.75
afflicted,-9.75
waved,-9.76
dismal,-9.76
towne,-9.76
wanderers,-9.77
coughing,-9.77
illuminate,-9.78
admirable,-9.78
marrying,-9.78
commandment,-9.78
communicable,-9.78
prick,-9.79
prostitute,-9.79
impatient,-9.80
gifford,-9.80
conceivable,-9.80
disguised,-9.80
downright,-9.81
cocker,-9.82
nightingale,-9.82
gaping,-9.82
exalted,-9.83
roasting,-9.83
vocation,-9.84
peerless,-9.84
fret,-9.85
gauntlet,-9.85
reckoning,-9.86
desiring,-9.86
ruff,-9.87
stately,-9.87
disgrace,-9.88
forester,-9.88
redress,-9.89
plagued,-9.90
smithfield,-9.90
restorative,-9.90
jog,-9.91
footed,-9.91
pence,-9.91
favoured,-9.92
shedding,-9.92
augment,-9.92
tainted,-9.93
whispering,-9.93
caucasus,-9.93
unfold,-9.93
deserts,-9.93
shovel,-9.93
coronation,-9.94
vowel,-9.94
crafty,-9.94
brood,-9.94
hurdle,-9.95
abruptly,-9.95
cherish,-9.96
aubrey,-9.96
remnant,-9.96
eldest,-9.97
incarnation,-9.97
cog,-9.97
stale,-9.97
sweetness,-9.97
hind,-9.97
leaps,-9.97
moons,-9.97
descend,-9.98
sprung,-9.98
regan,-9.99
diverted,-9.99
ott,-10.00
solemn,-10.00
oswald,-10.00
quaint,-10.00
worldly,-10.01
flowed,-10.02
plead,-10.02
procession,-10.04
sinful,-10.05
yong,-10.05
drown,-10.05
nectar,-10.05
indifferent,-10.05
achilles,-10.05
heroine,-10.05
infancy,-10.06
deserving,-10.07
forbid,-10.07
whence,-10.08
empress,-10.08
crave,-10.09
joyful,-10.09
dumps,-10.09
itching,-10.09
els,-10.09
defer,-10.09
vanished,-10.09
minerva,-10.11
unjust,-10.11
turmoil,-10.11
boast,-10.12
spectators,-10.12
admiration,-10.13
guarded,-10.13
courageous,-10.13
swiftly,-10.14
alchemist,-10.14
longing,-10.14
courteous,-10.14
tame,-10.14
presume,-10.14
joys,-10.15
oily,-10.16
pun,-10.16
bursts,-10.17
rejoice,-10.17
oft,-10.17
dissolve,-10.17
insignia,-10.17
snare,-10.17
safest,-10.18
plight,-10.19
evaporation,-10.19
slew,-10.19
tickle,-10.20
thirst,-10.21
roaring,-10.21
purge,-10.22
folly,-10.22
tongues,-10.22
brow,-10.22
slid,-10.24
debating,-10.25
eagerly,-10.25
strives,-10.25
spoil,-10.25
ordnance,-10.26
palate,-10.27
moods,-10.27
apes,-10.27
roar,-10.27
halter,-10.27
cloak,-10.28
comprehend,-10.28
divinity,-10.28
holiness,-10.28
smack,-10.28
hue,-10.28
eleventh,-10.28
disguise,-10.28
riots,-10.28
reptile,-10.28
dyed,-10.29
blasts,-10.29
mould,-10.30
confer,-10.31
cornelius,-10.31
tedious,-10.31
pilgrimage,-10.32
attire,-10.32
disabling,-10.33
catastrophe,-10.34
sultan,-10.35
hermes,-10.35
warden,-10.36
envoy,-10.36
ado,-10.36
beauties,-10.37
proclamation,-10.37
doubtful,-10.37
robes,-10.37
antony,-10.38
tyranny,-10.38
weary,-10.39
stab,-10.40
wisely,-10.40
handwriting,-10.40
dyes,-10.41
coward,-10.41
advises,-10.41
coffin,-10.41
steals,-10.42
tackling,-10.42
shakes,-10.42
mourning,-10.42
affirm,-10.42
continual,-10.43
devised,-10.43
tuners,-10.44
applause,-10.44
shines,-10.44
lodged,-10.44
practise,-10.44
hereafter,-10.44
hears,-10.46
liking,-10.46
venetian,-10.47
chatter,-10.48
latch,-10.48
daring,-10.49
particulars,-10.49
stray,-10.50
tempted,-10.50
princes,-10.50
thrive,-10.50
salute,-10.51
pillars,-10.51
richer,-10.51
alchemy,-10.52
conduit,-10.52
dragged,-10.52
remembrance,-10.52
expectancy,-10.52
herring,-10.53
winged,-10.53
ish,-10.54
wand,-10.54
staple,-10.54
puff,-10.54
extremes,-10.54
tying,-10.54
carp,-10.55
stony,-10.55
seize,-10.55
punt,-10.55
limbs,-10.55
cursed,-10.56
ashamed,-10.56
persuade,-10.56
deepest,-10.57
prevail,-10.57
insult,-10.57
oder,-10.58
vor,-10.58
offended,-10.58
neptune,-10.59
covert,-10.59
refrain,-10.59
isabel,-10.60
diligence,-10.60
dwell,-10.60
dislike,-10.61
lighted,-10.61
apology,-10.62
thanked,-10.62
spit,-10.63
hers,-10.63
filth,-10.63
utter,-10.64
remembers,-10.65
dwellings,-10.65
hulk,-10.65
lad,-10.65
crowne,-10.66
unsafe,-10.67
furious,-10.67
committing,-10.67
arcadia,-10.67
whisper,-10.67
punished,-10.67
brethren,-10.68
metaphor,-10.68
precedent,-10.68
deserved,-10.68
brace,-10.68
wight,-10.69
uncovered,-10.69
thieves,-10.69
manners,-10.69
intentional,-10.69
swell,-10.70
sliced,-10.71
inverness,-10.71
mole,-10.72
anticipation,-10.72
crust,-10.72
fashionable,-10.72
eminent,-10.72
hercules,-10.73
spurs,-10.73
gull,-10.74
shrine,-10.74
weaker,-10.74
foolish,-10.74
kin,-10.75
satire,-10.75
dart,-10.76
caves,-10.76
suffers,-10.76
slept,-10.77
scarce,-10.77
declares,-10.78
faculties,-10.78
marching,-10.78
damon,-10.78
horns,-10.79
stag,-10.79
dismiss,-10.79
stamped,-10.79
threatens,-10.80
notions,-10.80
grievance,-10.80
albeit,-10.81
peculiar,-10.81
virgins,-10.82
exercising,-10.83
scriptures,-10.83
politician,-10.83
kindness,-10.83
cracking,-10.83
monarch,-10.83
abuses,-10.84
phat,-10.84
garments,-10.84
wigs,-10.84
possessed,-10.85
manifold,-10.85
rubbish,-10.85
furnish,-10.85
sexe,-10.85
kisses,-10.85
timeless,-10.85
condemned,-10.85
ambition,-10.86
blended,-10.87
risen,-10.87
sturdy,-10.87
downward,-10.87
grapes,-10.88
depicted,-10.88
attain,-10.88
perpetual,-10.89
dane,-10.89
inaccurate,-10.90
fortress,-10.90
sorrow,-10.91
melting,-10.91
foremost,-10.91
neglected,-10.91
successive,-10.91
rib,-10.91
boiling,-10.92
continents,-10.92
sting,-10.92
herd,-10.93
offences,-10.93
kite,-10.94
stole,-10.94
strait,-10.94
followers,-10.95
hazel,-10.95
ruin,-10.96
rams,-10.96
mortal,-10.96
divers,-10.97
touches,-10.98
doubts,-10.98
disposed,-10.99
hurts,-10.99
judgments,-10.99
knot,-11.00
judaism,-11.00
cellar,-11.00
farewell,-11.01
lame,-11.01
sums,-11.01
urges,-11.02
ornament,-11.02
suspects,-11.03
vein,-11.03
eighteen,-11.03
muse,-11.04
baltic,-11.04
hawks,-11.04
faults,-11.05
ore,-11.05
encouragement,-11.05
sergeant,-11.05
discoveries,-11.06
fools,-11.06
principals,-11.06
sigh,-11.06
scarf,-11.06
manifest,-11.07
burnt,-11.07
dissolved,-11.08
wounds,-11.08
discreet,-11.08
tragic,-11.09
upward,-11.09
scent,-11.09
thrice,-11.09
notorious,-11.09
ambitious,-11.10
lacks,-11.10
kindly,-11.10
tenth,-11.10
abused,-11.10
intrusion,-11.10
blinds,-11.11
feather,-11.11
skinny,-11.11
wealthy,-11.11
bout,-11.11
torch,-11.12
borne,-11.12
belike,-11.12
consisted,-11.12
carat,-11.13
rebels,-11.13
motions,-11.13
brains,-11.13
newes,-11.13
canopy,-11.14
lick,-11.14
intends,-11.14
distress,-11.14
elbow,-11.15
ridiculous,-11.15
fury,-11.15
thrust,-11.16
unlawful,-11.16
wished,-11.16
twentieth,-11.16
retire,-11.16
lookes,-11.17
goodman,-11.17
weigh,-11.18
shining,-11.18
oppose,-11.20
servants,-11.20
steele,-11.20
ego,-11.21
bliss,-11.21
movable,-11.21
mist,-11.22
cumberland,-11.22
bail,-11.22
glorious,-11.22
aloud,-11.22
kicks,-11.24
widow,-11.24
inhabitants,-11.24
cubs,-11.25
goodness,-11.26
smiling,-11.27
breathe,-11.27
convince,-11.28
asleep,-11.28
indirectly,-11.28
interrupt,-11.28
spotted,-11.29
expectation,-11.29
choler,-11.29
enjoys,-11.29
pearls,-11.30
rue,-11.30
dignity,-11.31
joints,-11.31
deserves,-11.31
rhodes,-11.31
deduction,-11.32
err,-11.32
strive,-11.33
laying,-11.33
profound,-11.33
touching,-11.33
advertised,-11.33
cruel,-11.33
beacon,-11.34
defective,-11.34
flowing,-11.34
shores,-11.34
notwithstanding,-11.34
pigs,-11.34
blown,-11.35
fragments,-11.35
barber,-11.35
knees,-11.35
cousin,-11.35
elastic,-11.35
vanity,-11.36
senses,-11.36
piercing,-11.37
wherein,-11.38
fragment,-11.39
contaminated,-11.39
avoided,-11.40
falcon,-11.40
chill,-11.41
nero,-11.41
gems,-11.41
dew,-11.41
pertaining,-11.42
quake,-11.42
wonders,-11.42
dolphin,-11.42
toes,-11.42
dye,-11.42
renowned,-11.42
infantry,-11.42
compass,-11.43
altitude,-11.43
pause,-11.43
norwich,-11.43
malcolm,-11.43
venus,-11.43
slice,-11.44
tutor,-11.44
withdraw,-11.44
fulfill,-11.45
enacted,-11.45
wounded,-11.46
liquor,-11.46
trophy,-11.46
bells,-11.46
cares,-11.46
banquet,-11.46
swan,-11.46
observers,-11.47
spark,-11.48
distinguish,-11.48
tends,-11.48
che,-11.49
crying,-11.49
flies,-11.49
urine,-11.49
tilt,-11.50
seals,-11.50
depart,-11.51
converting,-11.51
burned,-11.51
bitter,-11.51
coil,-11.51
sewer,-11.51
waist,-11.52
interpret,-11.52
stake,-11.53
monsters,-11.53
lechery,-11.53
challenged,-11.53
continent,-11.53
translator,-11.53
arrives,-11.53
maiden,-11.54
chancellor,-11.55
shepherd,-11.55
ours,-11.55
creature,-11.55
knock,-11.55
favour,-11.55
whore,-11.55
existed,-11.55
pod,-11.55
nightmare,-11.56
persian,-11.57
apollo,-11.57
ware,-11.57
prophet,-11.58
sic,-11.58
wires,-11.59
vault,-11.59
hollow,-11.59
dumb,-11.59
souls,-11.59
blades,-11.60
draws,-11.60
triumph,-11.60
bleeding,-11.61
ty,-11.61
complimentary,-11.61
affair,-11.62
charming,-11.62
dim,-11.62
prayers,-11.62
velvet,-11.62
nest,-11.63
delight,-11.63
pulling,-11.63
necessity,-11.63
sacrifice,-11.64
hay,-11.64
climb,-11.64
saue,-11.64
skirts,-11.66
lid,-11.66
worm,-11.66
fathers,-11.66
miracle,-11.67
shine,-11.68
laughing,-11.68
suspected,-11.68
prefers,-11.68
dame,-11.68
fleece,-11.69
pork,-11.69
guards,-11.69
charitable,-11.69
rendered,-11.69
dispatch,-11.70
sorts,-11.70
relates,-11.70
accent,-11.70
brook,-11.70
striking,-11.70
doom,-11.71
corners,-11.71
helmet,-11.71
gem,-11.72
denial,-11.72
allowance,-11.72
dealt,-11.72
apt,-11.72
strikes,-11.73
fears,-11.74
conclude,-11.74
hypothesis,-11.75
dried,-11.75
valued,-11.75
merry,-11.75
excuse,-11.76
shaft,-11.76
merit,-11.77
nails,-11.77
theology,-11.77
wax,-11.77
centuries,-11.78
thunder,-11.78
acknowledge,-11.78
nerve,-11.79
barrel,-11.79
smell,-11.80
revenge,-11.80
infants,-11.80
bind,-11.80
retreat,-11.82
genius,-11.82
breathing,-11.82
remedy,-11.82
infinite,-11.82
freely,-11.82
naughty,-11.83
defeat,-11.83
unexpected,-11.83
regarded,-11.83
helena,-11.83
tigers,-11.85
accommodate,-11.85
lit,-11.85
earl,-11.86
breeding,-11.86
cooler,-11.87
fate,-11.87
folding,-11.88
generations,-11.88
twist,-11.88
humanity,-11.89
gravity,-11.89
superficies,-11.89
punishment,-11.89
mere,-11.89
belly,-11.90
frederick,-11.90
skins,-11.90
encounter,-11.91
ugly,-11.91
lace,-11.91
custody,-11.91
wanting,-11.91
verse,-11.91
moisture,-11.92
dies,-11.92
observe,-11.93
pursue,-11.93
arrest,-11.94
wool,-11.94
indirect,-11.94
slight,-11.94
fallen,-11.95
walks,-11.95
harbour,-11.95
comparable,-11.95
amend,-11.96
fitted,-11.96
alter,-11.96
buzz,-11.97
tribe,-11.97
dishes,-11.97
impression,-11.97
kissing,-11.98
fruits,-11.98
happiness,-11.98
anger,-11.98
fifty,-12.00
heavily,-12.00
drops,-12.01
dirt,-12.01
trick,-12.01
invention,-12.01
hobby,-12.01
jerusalem,-12.01
strict,-12.01
humidity,-12.02
advise,-12.02
tribute,-12.03
ton,-12.03
detect,-12.04
affects,-12.04
affecting,-12.04
curious,-12.04
inspiration,-12.04
struck,-12.04
spell,-12.04
fever,-12.05
reflects,-12.05
terrible,-12.06
anchor,-12.06
loud,-12.06
confused,-12.06
beaver,-12.06
wheat,-12.07
colours,-12.07
martial,-12.07
fellowship,-12.07
forests,-12.07
companion,-12.07
tap,-12.07
admit,-12.08
vessel,-12.08
contrary,-12.08
hoping,-12.08
landing,-12.09
streams,-12.09
christianity,-12.09
easter,-12.09
preserve,-12.09
clouds,-12.09
tender,-12.09
harder,-12.09
architect,-12.10
tub,-12.10
mixture,-12.10
guided,-12.10
chapel,-12.10
satisfy,-12.10
nuts,-12.11
organ,-12.11
treaty,-12.11
silence,-12.11
sophisticated,-12.11
filling,-12.11
stops,-12.11
dying,-12.11
hebrew,-12.11
ripe,-12.12
drag,-12.12
warrant,-12.12
friendship,-12.12
lover,-12.13
ist,-12.13
oliver,-12.13
greeting,-12.14
bend,-12.14
demonstration,-12.14
constitute,-12.14
harvest,-12.14
shield,-12.14
pole,-12.14
chose,-12.15
hopes,-12.15
raleigh,-12.15
musicians,-12.15
helen,-12.17
pie,-12.17
mate,-12.18
proved,-12.18
pitch,-12.19
testimony,-12.20
chains,-12.20
honey,-12.20
invest,-12.20
proportion,-12.20
deer,-12.21
tricks,-12.21
harm,-12.21
thinks,-12.21
sisters,-12.22
authentic,-12.23
thereof,-12.23
cockatrice,-12.23
sucking,-12.24
exercises,-12.24
afford,-12.24
singing,-12.24
procurement,-12.24
anybody,-12.24
resolve,-12.25
constantly,-12.25
alien,-12.25
nose,-12.26
resolved,-12.26
crimes,-12.26
tail,-12.26
seniors,-12.26
artificial,-12.26
joining,-12.26
portrait,-12.27
cosmetic,-12.27
painted,-12.27
heroes,-12.27
grew,-12.27
gates,-12.28
costume,-12.28
parish,-12.28
judges,-12.29
criticism,-12.30
mathematical,-12.30
chase,-12.30
gathering,-12.30
arabia,-12.30
hood,-12.30
reputation,-12.31
restore,-12.31
dispute,-12.32
founder,-12.32
seeds,-12.32
tu,-12.32
rivers,-12.32
deaths,-12.32
crop,-12.32
shelf,-12.33
proceed,-12.33
stroke,-12.34
permits,-12.34
passes,-12.34
merely,-12.35
blade,-12.35
rough,-12.35
turkish,-12.36
inform,-12.36
mask,-12.36
shut,-12.36
discipline,-12.37
moreover,-12.37
sleeping,-12.38
occasion,-12.38
mood,-12.38
opposite,-12.39
thirty,-12.39
suppose,-12.39
fed,-12.39
defendant,-12.40
returning,-12.40
torture,-12.41
pace,-12.41
walter,-12.41
carpet,-12.41
falling,-12.42
judicial,-12.42
sought,-12.42
ho,-12.43
advantages,-12.43
attempts,-12.44
entrance,-12.44
assess,-12.44
gi,-12.44
convenient,-12.45
cuts,-12.46
profits,-12.46
wolf,-12.47
margaret,-12.47
examine,-12.47
silk,-12.48
exceed,-12.48
reads,-12.48
leonato,-12.48
pleased,-12.48
carter,-12.49
clay,-12.50
laid,-12.50
passion,-12.50
producing,-12.50
finger,-12.52
complaint,-12.52
angels,-12.52
hunt,-12.52
tend,-12.53
thick,-12.54
latter,-12.55
secrets,-12.55
rising,-12.55
obligation,-12.55
charity,-12.55
telling,-12.55
behaviour,-12.56
toe,-12.56
brass,-12.56
tall,-12.57
supposed,-12.58
copper,-12.58
sublime,-12.58
lamp,-12.59
serves,-12.59
whereas,-12.59
nearest,-12.59
absence,-12.59
invited,-12.60
visited,-12.60
abroad,-12.60
walls,-12.60
elsewhere,-12.60
losses,-12.61
rescue,-12.61
dust,-12.61
pour,-12.61
yield,-12.61
mayor,-12.61
te,-12.62
yard,-12.62
extend,-12.62
princess,-12.62
venture,-12.62
expense,-12.62
riding,-12.63
fraud,-12.64
passing,-12.64
impossible,-12.65
plenteous,-12.65
visible,-12.66
exhibit,-12.66
moves,-12.66
apparently,-12.66
skill,-12.67
commentary,-12.67
existence,-12.67
streets,-12.67
sick,-12.67
prefer,-12.68
waters,-12.68
breaks,-12.68
substances,-12.68
temple,-12.68
dirty,-12.68
horses,-12.68
substance,-12.69
absolute,-12.69
citizen,-12.69
finds,-12.69
parliament,-12.69
ran,-12.69
shoe,-12.70
capable,-12.70
familiar,-12.70
mad,-12.70
blind,-12.71
appearance,-12.71
dial,-12.72
represented,-12.72
luck,-12.72
prayer,-12.72
thongs,-12.73
convert,-12.73
liberty,-12.73
worst,-12.74
rob,-12.74
usual,-12.74
sides,-12.75
appointed,-12.76
brings,-12.76
busy,-12.76
duties,-12.76
gate,-12.77
bugs,-12.77
successfully,-12.80
lived,-12.80
entitled,-12.80
bills,-12.81
heads,-12.82
willing,-12.82
afternoon,-12.82
conferences,-12.83
plot,-12.83
pearl,-12.83
calculate,-12.84
dramatised,-12.84
courts,-12.84
holds,-12.85
teach,-12.85
rockes,-12.86
mystery,-12.86
sheets,-12.87
magnetic,-12.87
marks,-12.89
bodies,-12.89
suit,-12.89
bargain,-12.89
split,-12.90
spy,-12.90
memorial,-12.91
biggest,-12.91
slipshod,-12.91
swimming,-12.92
tonight,-12.93
attend,-12.93
tower,-12.93
tomorrow,-12.95
newly,-12.95
resume,-12.95
empire,-12.95
saving,-12.95
tragical,-12.96
nights,-12.96
labour,-12.96
greece,-12.96
stocks,-12.97
mirror,-12.97
messenger,-12.97
lodge,-12.97
eating,-12.97
truly,-12.98
adam,-12.98
bowl,-13.00
exact,-13.01
legs,-13.01
warm,-13.02
confirm,-13.02
confidence,-13.02
qualified,-13.03
begins,-13.03
linked,-13.03
mouth,-13.03
bears,-13.04
learned,-13.04
leisure,-13.04
observed,-13.06
highway,-13.07
arm,-13.07
respond,-13.07
wet,-13.08
circle,-13.08
plate,-13.09
affected,-13.09
sporting,-13.09
raised,-13.10
supporting,-13.10
coach,-13.10
spread,-13.10
trouble,-13.10
conflict,-13.11
ben,-13.12
establish,-13.12
walking,-13.12
instruction,-13.12
pin,-13.13
climate,-13.13
attempt,-13.13
preparation,-13.13
bell,-13.13
dick,-13.14
greatest,-13.14
fourth,-13.15
pieces,-13.16
don,-13.16
ideal,-13.16
pair,-13.16
maine,-13.16
hole,-13.17
empty,-13.17
rain,-13.18
feeling,-13.18
revised,-13.19
adding,-13.19
hip,-13.19
easier,-13.19
carried,-13.21
dealer,-13.21
subscription,-13.21
becomes,-13.22
specials,-13.22
hey,-13.22
appeal,-13.23
degrees,-13.24
despite,-13.24
containing,-13.24
moon,-13.25
dogs,-13.25
maintained,-13.25
viewing,-13.25
import,-13.26
guess,-13.26
meaning,-13.26
rings,-13.26
bids,-13.27
seat,-13.27
bird,-13.29
rise,-13.29
contain,-13.29
forecast,-13.29
bars,-13.29
noted,-13.30
looke,-13.30
houses,-13.30
matters,-13.30
slightly,-13.30
toward,-13.31
figures,-13.31
joseph,-13.31
remain,-13.33
forced,-13.33
provisions,-13.34
battle,-13.35
broken,-13.35
feeds,-13.36
forgot,-13.36
dry,-13.36
depth,-13.37
signs,-13.37
revenue,-13.37
vice,-13.38
prepared,-13.38
served,-13.39
iron,-13.39
ended,-13.39
falls,-13.41
direction,-13.43
warranty,-13.43
named,-13.43
tried,-13.44
yesterday,-13.45
variable,-13.45
profit,-13.45
adventure,-13.45
played,-13.46
truth,-13.47
placed,-13.47
produce,-13.47
reach,-13.48
moved,-13.48
define,-13.49
tables,-13.49
quarter,-13.49
gallants,-13.49
birth,-13.49
avoid,-13.50
mount,-13.50
charges,-13.51
branch,-13.51
touch,-13.51
affairs,-13.51
mo,-13.51
challenge,-13.51
guitar,-13.52
became,-13.52
drop,-13.53
protect,-13.53
merchant,-13.53
cock,-13.53
nursing,-13.54
bondage,-13.55
prime,-13.55
serious,-13.55
upper,-13.55
thousands,-13.56
joint,-13.56
argument,-13.56
wait,-13.57
italian,-13.57
produced,-13.57
flight,-13.57
exercise,-13.58
miss,-13.59
heat,-13.59
dollars,-13.60
minute,-13.62
waste,-13.62
canon,-13.62
initial,-13.63
root,-13.64
persons,-13.65
stone,-13.65
patient,-13.65
appear,-13.66
lowest,-13.66
successful,-13.67
giving,-13.68
couple,-13.68
motion,-13.69
elements,-13.69
seven,-13.69
firm,-13.69
sheet,-13.69
nation,-13.70
charles,-13.70
allowed,-13.70
gear,-13.70
skip,-13.70
demand,-13.71
described,-13.71
nonny,-13.71
largest,-13.72
begin,-13.72
laws,-13.72
detail,-13.72
musical,-13.73
flat,-13.75
jack,-13.75
presented,-13.75
th,-13.75
grant,-13.77
respect,-13.78
officer,-13.78
fixed,-13.80
civil,-13.81
repair,-13.81
aid,-13.82
instructions,-13.82
device,-13.83
playing,-13.84
wood,-13.84
sets,-13.84
purposes,-13.84
incest,-13.84
battery,-13.84
moving,-13.85
maybe,-13.85
except,-13.86
pack,-13.87
hit,-13.88
reported,-13.88
otherwise,-13.88
match,-13.88
german,-13.89
floor,-13.89
consider,-13.89
ring,-13.90
guest,-13.92
greater,-13.92
asia,-13.93
opinion,-13.93
trial,-13.94
grecians,-13.95
agent,-13.95
rule,-13.96
directly,-13.97
retail,-13.97
nares,-13.97
warning,-13.97
selected,-13.98
rated,-13.98
especially,-13.99
wall,-13.99
tree,-13.99
express,-13.99
italy,-14.00
ship,-14.01
properties,-14.01
wedding,-14.01
quarrelling,-14.01
suetonius,-14.02
understand,-14.03
feed,-14.04
survey,-14.05
forms,-14.06
medicine,-14.06
approach,-14.06
knaves,-14.08
rooms,-14.08
took,-14.10
almost,-14.10
male,-14.10
releases,-14.11
degree,-14.11
structure,-14.11
foreign,-14.11
band,-14.13
actually,-14.14
length,-14.14
cable,-14.15
move,-14.15
huge,-14.16
bush,-14.17
according,-14.19
union,-14.19
running,-14.19
supply,-14.20
wish,-14.21
volume,-14.21
effect,-14.23
lines,-14.24
soon,-14.25
exchange,-14.25
bar,-14.25
engine,-14.26
contents,-14.26
river,-14.27
bay,-14.27
force,-14.28
scurrilous,-14.28
drug,-14.28
although,-14.28
copy,-14.28
french,-14.30
kingdom,-14.31
loss,-14.32
among,-14.33
figure,-14.33
lake,-14.35
simple,-14.35
cases,-14.36
sort,-14.37
beauty,-14.38
chapter,-14.38
clear,-14.39
girl,-14.39
straggling,-14.39
error,-14.40
knowledge,-14.40
points,-14.40
weight,-14.41
everything,-14.42
feel,-14.42
submit,-14.43
often,-14.43
projects,-14.43
unit,-14.44
together,-14.45
bloud,-14.46
cheap,-14.48
written,-14.49
word,-14.50
speare,-14.50
records,-14.53
window,-14.54
mar,-14.54
period,-14.55
et,-14.55
arts,-14.57
short,-14.57
collection,-14.58
living,-14.58
several,-14.58
drive,-14.58
studies,-14.59
already,-14.59
safety,-14.61
months,-14.61
entertainment,-14.62
until,-14.63
companies,-14.68
added,-14.68
similar,-14.68
future,-14.71
write,-14.74
troth,-14.75
issue,-14.76
pay,-14.76
changes,-14.78
girls,-14.79
paper,-14.81
important,-14.82
key,-14.82
create,-14.82
gnomon,-14.83
language,-14.83
performance,-14.84
park,-14.86
legal,-14.86
below,-14.89
tax,-14.89
working,-14.90
comment,-14.90
street,-14.91
going,-14.95
questions,-14.96
required,-14.98
start,-14.99
market,-14.99
week,-15.02
gay,-15.02
box,-15.03
english,-15.05
join,-15.06
contrive,-15.07
credit,-15.07
stock,-15.08
food,-15.10
j,-15.10
college,-15.11
compare,-15.11
reply,-15.12
low,-15.12
visit,-15.13
property,-15.16
events,-15.21
account,-15.22
guide,-15.27
pictures,-15.27
big,-15.28
per,-15.29
game,-15.33
security,-15.34
sports,-15.35
same,-15.36
sign,-15.39
check,-15.40
black,-15.40
l,-15.44
states,-15.47
posted,-15.48
haply,-15.49
office,-15.49
forbear,-15.52
terms,-15.53
line,-15.54
beare,-15.55
report,-15.56
villainy,-15.60
p,-15.62
weal,-15.63
january,-15.64
persuades,-15.64
general,-15.65
order,-15.72
links,-15.73
books,-15.75
rights,-15.77
entreat,-15.82
message,-15.83
post,-15.88
dramatists,-15.89
overdo,-15.94
antic,-15.99
health,-15.99
year,-16.02
date,-16.10
price,-16.12
blest,-16.13
kinsmen,-16.22
infirmity,-16.31
also,-16.33
web,-16.33
veni,-16.34
corns,-16.40
sweeten,-16.45
enormity,-16.47
wouldst,-16.47
afore,-16.50
canst,-16.58
surmise,-16.60
warlike,-16.64
dramatist,-16.81
free,-16.83
search,-16.84
page,-16.89
wilful,-16.92
clack,-17.01
provokes,-17.06
truer,-17.07
plutarch,-17.14
doublet,-17.25
tish,-17.25
withal,-17.29
sterne,-17.31
painstaking,-17.33
haughty,-17.40
methinks,-17.46
goneril,-17.49
cassius,-17.49
campe,-17.58
portia,-17.60
didst,-17.62
pomp,-17.64
neuer,-17.64
scape,-17.75
selfe,-17.76
beards,-17.77
composure,-17.87
prays,-17.88
thither,-17.89
concealing,-18.04
masts,-18.06
tacitus,-18.06
huntsman,-18.08
enraged,-18.08
mistrust,-18.10
tiberius,-18.12
dainty,-18.17
pikes,-18.20
wert,-18.23
visage,-18.28
shillings,-18.32
friars,-18.37
tidings,-18.42
bravely,-18.46
unworthy,-18.47
partake,-18.53
beggar,-18.54
starve,-18.58
catiline,-18.58
parson,-18.62
heywood,-18.64
graces,-18.64
spoils,-18.65
whereof,-18.70
daggers,-18.71
beggars,-18.79
gobbo,-18.79
lucifer,-18.91
worthier,-18.98
kneeling,-19.00
bosom,-19.13
casket,-19.18
ovid,-19.39
mortimer,-19.40
bartholomew,-19.43
torment,-19.45
discriminating,-19.46
dido,-19.46
jester,-19.46
pate,-19.47
rheims,-19.48
wits,-19.57
reverence,-19.58
aforesaid,-19.59
antiquarian,-19.60
seeming,-19.69
unnatural,-19.70
ensign,-19.74
cunning,-19.77
exceedingly,-19.81
rags,-19.81
vulcan,-19.82
countess,-19.87
weep,-19.88
commend,-19.96
vow,-20.04
foes,-20.05
attendants,-20.12
judas,-20.21
dreadful,-20.24
murderer,-20.28
macbeth,-20.33
rascal,-20.52
gall,-20.54
mouths,-20.54
finer,-20.56
twill,-20.60
villains,-20.60
clap,-20.61
footsteps,-20.62
ducats,-20.77
graceful,-20.78
temper,-20.89
staged,-20.93
greyhound,-20.94
fiery,-21.03
visor,-21.04
confess,-21.04
writ,-21.07
lent,-21.09
finely,-21.11
bleed,-21.18
contempt,-21.26
archbishop,-21.28
compliment,-21.29
monks,-21.29
honourable,-21.35
sith,-21.36
backe,-21.38
hid,-21.39
circumstance,-21.42
feathers,-21.47
waking,-21.47
baggage,-21.51
ditch,-21.54
despair,-21.54
envy,-21.61
misery,-21.61
wrath,-21.63
perceive,-21.65
humours,-21.69
beg,-21.73
farther,-21.77
tavern,-21.82
bishops,-21.87
armour,-21.88
behold,-21.90
entertain,-21.96
swords,-21.99
succession,-22.02
clown,-22.06
swear,-22.06
tailor,-22.10
melt,-22.10
beard,-22.11
obscure,-22.12
strangers,-22.12
cans,-22.21
fond,-22.21
mus,-22.23
forgive,-22.24
prey,-22.28
majesty,-22.29
reign,-22.32
ale,-22.33
guilt,-22.38
deeds,-22.39
congregation,-22.40
conception,-22.40
rude,-22.41
judgement,-22.44
ignorance,-22.47
sovereign,-22.47
skies,-22.48
sleeves,-22.48
talents,-22.54
noting,-22.54
upright,-22.56
hedge,-22.60
bounds,-22.62
perfection,-22.62
harsh,-22.62
protector,-22.64
feast,-22.66
romans,-22.68
neglect,-22.70
dangers,-22.73
desires,-22.75
skull,-22.80
spite,-22.81
monument,-22.83
sits,-22.84
rogue,-22.85
couch,-22.85
closet,-22.85
therein,-22.89
carriage,-22.89
offence,-22.93
beating,-22.94
chapman,-22.94
shoulders,-22.94
stir,-22.96
habit,-22.98
heels,-22.99
romeo,-23.02
wagner,-23.06
sufficiently,-23.07
brave,-23.11
seas,-23.13
continually,-23.13
sleeps,-23.18
possess,-23.19
piteous,-23.21
bless,-23.21
likewise,-23.24
ruled,-23.25
stranger,-23.25
jewel,-23.25
pale,-23.26
token,-23.28
madness,-23.29
qualities,-23.33
daughters,-23.34
breach,-23.37
pierce,-23.37
fare,-23.37
dice,-23.40
myth,-23.41
intend,-23.41
thrown,-23.44
rage,-23.48
whereon,-23.48
recognised,-23.49
altered,-23.49
knights,-23.50
courage,-23.50
beats,-23.51
banners,-23.51
cornwall,-23.52
wicked,-23.55
enemies,-23.60
witch,-23.60
shed,-23.62
worthy,-23.67
gentle,-23.67
pig,-23.71
shapes,-23.72
trash,-23.73
proceeding,-23.76
chester,-23.77
scholars,-23.77
forty,-23.81
ought,-23.84
raymond,-23.86
confusion,-23.90
handled,-23.93
innocent,-23.98
assure,-24.00
sink,-24.00
protest,-24.03
bottles,-24.04
knee,-24.07
bridal,-24.08
hung,-24.10
bare,-24.10
bride,-24.12
swim,-24.14
venice,-24.18
sheep,-24.19
bench,-24.20
ceremony,-24.23
strain,-24.23
tire,-24.24
fa,-24.26
divine,-24.29
whilst,-24.32
cloth,-24.36
spare,-24.41
coin,-24.43
margin,-24.43
loving,-24.45
formerly,-24.45
hanging,-24.45
sees,-24.47
charm,-24.52
slave,-24.55
puts,-24.55
corn,-24.55
tune,-24.55
flows,-24.57
mistake,-24.57
hang,-24.62
discharge,-24.63
robin,-24.68
suddenly,-24.70
lion,-24.70
spoke,-24.71
refers,-24.75
invite,-24.78
departure,-24.80
wearing,-24.84
stones,-24.88
childhood,-24.90
theft,-24.90
silent,-24.90
mars,-24.90
hurt,-24.93
correction,-24.94
phrase,-24.97
discrimination,-24.97
wise,-24.98
herself,-25.01
worship,-25.01
bread,-25.02
pound,-25.03
keeps,-25.03
partly,-25.05
grown,-25.08
ease,-25.08
jessica,-25.08
enemy,-25.10
hungary,-25.10
wake,-25.10
dancing,-25.13
sentence,-25.14
ghost,-25.15
woods,-25.18
atmosphere,-25.20
roof,-25.20
ear,-25.21
tells,-25.29
escape,-25.31
inquiry,-25.32
turning,-25.34
bringing,-25.35
prove,-25.36
pipe,-25.37
carrying,-25.39
pen,-25.40
gross,-25.41
fellow,-25.41
nurse,-25.45
commands,-25.49
revels,-25.52
collaboration,-25.54
bottle,-25.56
meant,-25.57
aged,-25.59
bold,-25.61
strange,-25.62
downe,-25.64
castle,-25.64
sitting,-25.65
goodly,-25.65
representation,-25.66
amorous,-25.70
stands,-25.71
banner,-25.72
denmark,-25.74
comfortable,-25.75
shift,-25.78
hunting,-25.78
powers,-25.80
romance,-25.80
adieu,-25.83
beer,-25.85
sum,-25.86
chamber,-25.87
rome,-25.90
raise,-25.91
guard,-25.91
antonio,-25.93
delay,-25.98
weapons,-25.98
presents,-26.00
neither,-26.05
draw,-26.05
discovery,-26.05
pure,-26.06
constant,-26.07
bond,-26.12
plain,-26.14
guests,-26.17
favourite,-26.18
virgin,-26.20
affect,-26.20
audience,-26.20
elizabeth,-26.25
forget,-26.26
shape,-26.30
dinner,-26.32
seeing,-26.35
nine,-26.38
dress,-26.42
standing,-26.47
fly,-26.49
philosophy,-26.54
breaking,-26.60
won,-26.61
lawyer,-26.63
translation,-26.63
secret,-26.65
sounds,-26.67
knew,-26.71
train,-26.73
gain,-26.74
duty,-26.74
measure,-26.74
wants,-26.77
brief,-26.78
dream,-26.83
brain,-26.84
ends,-26.85
objects,-26.85
earlier,-26.86
turned,-26.87
died,-26.96
facts,-26.98
rank,-27.00
gave,-27.01
serve,-27.01
towards,-27.02
shew,-27.03
heavy,-27.06
damnation,-27.07
rose,-27.13
alone,-27.15
soft,-27.16
se,-27.16
quickly,-27.19
breast,-27.20
foot,-27.20
letters,-27.22
thinking,-27.25
easily,-27.28
contented,-27.29
pain,-27.29
censure,-27.29
met,-27.29
perhaps,-27.30
wind,-27.33
sold,-27.33
species,-27.38
highness,-27.38
difference,-27.40
advance,-27.41
bottom,-27.45
spanish,-27.49
flow,-27.49
cat,-27.50
goes,-27.52
peace,-27.54
dark,-27.66
rent,-27.66
reader,-27.67
dance,-27.68
winter,-27.69
etc,-27.69
places,-27.70
unless,-27.73
born,-27.73
goods,-27.73
sense,-27.73
longer,-27.79
trust,-27.83
pass,-27.83
resolution,-27.84
leading,-27.86
bin,-27.90
feet,-27.90
animals,-27.93
stars,-27.94
wine,-27.94
quite,-27.95
betray,-27.96
success,-27.96
twas,-27.96
parents,-28.03
sea,-28.05
christian,-28.06
evidence,-28.06
animal,-28.08
ready,-28.08
sport,-28.08
happy,-28.11
deal,-28.12
idea,-28.17
song,-28.18
allow,-28.22
summer,-28.22
thursday,-28.24
object,-28.30
six,-28.34
particular,-28.36
believe,-28.47
condition,-28.47
anything,-28.47
apply,-28.48
season,-28.48
stop,-28.51
shoes,-28.59
profane,-28.62
traitor,-28.64
countries,-28.65
speed,-28.65
church,-28.68
shows,-28.69
later,-28.69
wide,-28.75
choose,-28.81
thanks,-28.84
bad,-28.92
reading,-28.92
gifts,-28.92
weather,-29.08
past,-29.13
common,-29.17
dearest,-29.19
jest,-29.28
stories,-29.31
signior,-29.31
popular,-29.32
learning,-29.34
space,-29.41
month,-29.43
needs,-29.44
picture,-29.45
easy,-29.47
offer,-29.48
always,-29.51
question,-29.55
gift,-29.56
example,-29.58
field,-29.62
itch,-29.67
memory,-29.70
side,-29.71
got,-29.76
selves,-29.78
carthage,-29.78
person,-29.78
looking,-29.84
melancholy,-29.91
yes,-29.95
however,-30.01
table,-30.02
large,-30.03
claudio,-30.06
estate,-30.07
point,-30.14
course,-30.17
print,-30.17
value,-30.22
heed,-30.24
save,-30.26
private,-30.28
money,-30.30
john,-30.40
fearful,-30.40
slain,-30.45
chiefly,-30.46
white,-30.50
villain,-30.50
change,-30.51
thine,-30.57
end,-30.60
version,-30.70
open,-30.77
dagger,-30.77
women,-30.79
address,-30.94
satirist,-30.99
gracious,-31.08
store,-31.16
otter,-31.24
secrecy,-31.30
need,-31.34
delights,-31.36
read,-31.36
company,-31.37
faire,-31.40
public,-31.52
nephew,-31.56
neighbour,-31.57
vpon,-31.57
cries,-31.60
support,-31.65
lest,-31.67
pardon,-31.73
city,-31.74
commanded,-31.80
work,-31.89
juliet,-31.94
re,-31.94
just,-32.08
list,-32.12
fled,-32.14
top,-32.17
alas,-32.24
service,-32.31
julius,-32.31
view,-32.61
pity,-32.63
dungeon,-32.65
sirrah,-32.80
hale,-33.09
goe,-33.18
dull,-33.21
aught,-33.32
midst,-33.37
honours,-33.44
trumpet,-33.49
cheer,-33.59
blessing,-33.85
cardinals,-34.01
bruno,-34.03
discourse,-34.03
pedro,-34.05
beaten,-34.12
exceeding,-34.27
sometime,-34.40
patience,-34.44
honour,-34.47
burst,-34.63
carlo,-34.69
beseech,-34.81
bloody,-34.86
emperor,-34.91
estimation,-35.06
realm,-35.15
sake,-35.30
conspiracy,-35.31
poet,-35.31
dare,-35.34
shake,-35.48
fool,-35.78
bones,-35.84
doe,-35.93
horn,-35.96
hourly,-36.01
benevolence,-36.03
pope,-36.15
morocco,-36.41
fingers,-36.46
queene,-36.55
laugh,-36.56
isab,-36.62
drunk,-36.77
bearing,-36.79
instantly,-36.82
passage,-36.91
perfume,-36.93
sing,-36.94
cry,-37.07
coat,-37.22
hero,-37.25
loose,-37.30
knight,-37.30
wisdom,-37.33
perforce,-37.37
fault,-37.43
genuine,-37.45
danger,-37.45
hearts,-37.47
tobacco,-37.53
ourselves,-37.54
obedient,-37.60
scourge,-37.61
marston,-37.61
pride,-37.72
ordinary,-37.73
beast,-37.79
fell,-37.85
judgment,-37.93
somewhat,-37.96
throw,-37.98
wings,-38.04
alive,-38.04
ill,-38.06
joy,-38.09
smoke,-38.13
crown,-38.15
pleasure,-38.17
neck,-38.27
roman,-38.29
meat,-38.32
conclusion,-38.33
desire,-38.35
strike,-38.48
regard,-38.49
cutting,-38.66
doubt,-38.74
repent,-38.84
twenty,-38.86
exeunt,-39.01
bound,-39.02
leaves,-39.07
husband,-39.13
pluck,-39.15
keys,-39.21
lose,-39.26
overthrow,-39.30
knows,-39.32
noise,-39.39
angel,-39.40
certainly,-39.60
kept,-39.69
strength,-39.72
aim,-39.81
colour,-39.82
perform,-39.95
marriage,-39.97
fight,-39.99
knave,-40.02
carry,-40.21
appears,-40.21
magic,-40.52
saying,-40.54
prevent,-40.56
lear,-40.61
fresh,-40.68
walk,-40.71
brought,-40.76
doctor,-40.77
shot,-40.90
determine,-40.97
lives,-40.98
chance,-41.03
piece,-41.08
cup,-41.13
justice,-41.14
royal,-41.16
heard,-41.16
former,-41.26
paris,-41.38
beginning,-41.40
fortunes,-41.40
character,-41.57
morning,-41.65
deep,-41.65
behind,-41.67
contains,-41.74
seems,-41.75
virtues,-41.81
grand,-41.82
door,-41.82
ways,-41.90
forward,-41.91
gur,-41.97
strong,-42.04
ass,-42.09
glass,-42.17
friendly,-42.21
voice,-42.22
letter,-42.34
sent,-42.41
madam,-42.43
coming,-42.45
taking,-42.46
held,-42.71
dog,-42.75
heavens,-42.75
seen,-42.79
armes,-42.87
mean,-42.87
oh,-42.90
enough,-42.99
practice,-43.00
none,-43.06
quick,-43.06
taken,-43.11
town,-43.23
germany,-43.28
parts,-43.55
direct,-43.59
supper,-43.60
ask,-43.71
loue,-43.77
others,-43.85
fetch,-43.87
term,-43.98
child,-44.07
meeting,-44.09
request,-44.19
given,-44.21
mock,-44.22
court,-44.26
four,-44.29
hard,-44.31
age,-44.38
sell,-44.49
party,-44.63
study,-44.80
heavenly,-44.81
march,-44.90
human,-44.95
vnto,-44.96
curse,-45.14
author,-45.29
quality,-45.44
servant,-45.59
tremble,-45.60
return,-45.69
law,-45.84
following,-45.90
care,-45.96
today,-46.14
virtue,-46.17
between,-46.34
want,-46.38
tragedy,-46.50
disposition,-46.59
scholar,-46.85
dauphine,-47.01
grave,-47.36
deny,-47.52
vp,-47.54
mighty,-47.55
elder,-47.57
tou,-47.75
buy,-47.76
music,-47.79
used,-47.84
troy,-47.85
speaks,-47.86
rid,-47.87
hazard,-47.93
shortly,-47.97
dramatic,-48.23
people,-48.23
suffer,-48.28
lips,-48.50
precious,-48.63
cheat,-48.79
c,-48.88
breath,-48.91
help,-48.96
business,-49.08
fortune,-49.14
vile,-49.16
tee,-49.40
aside,-49.48
besides,-49.63
egg,-49.80
haste,-49.81
sad,-49.88
anna,-50.28
faces,-50.46
worse,-50.62
lay,-50.73
soldiers,-50.75
taste,-51.02
instrument,-51.60
drama,-51.78
wonder,-52.12
deliver,-52.12
ancient,-52.20
authorities,-52.20
edward,-52.31
kill,-52.47
shalt,-52.61
grow,-52.75
hide,-52.82
arms,-52.86
beat,-52.89
comfort,-52.93
followed,-53.41
hamlet,-53.57
faith,-53.94
spirit,-54.05
rich,-54.08
saint,-54.26
wild,-54.36
fields,-54.44
fashion,-54.74
frame,-54.94
setting,-54.96
themselves,-55.03
subjects,-55.23
pretty,-55.39
wretch,-55.54
wrote,-55.75
charge,-55.75
boy,-55.90
hair,-55.99
hall,-56.07
cut,-56.08
thank,-56.20
quarrel,-56.20
purpose,-56.27
spring,-56.30
custom,-56.41
went,-56.50
choice,-56.51
england,-56.53
certain,-56.78
silver,-56.83
marry,-56.91
lords,-57.42
poison,-57.62
meet,-57.76
foul,-57.83
either,-58.00
present,-58.01
purse,-58.03
five,-58.20
whether,-58.23
close,-58.34
able,-58.39
sure,-58.44
friends,-58.44
least,-58.46
try,-58.57
enter,-58.74
flesh,-59.08
shame,-59.09
mercy,-59.12
yea,-59.13
something,-59.14
few,-59.24
young,-59.27
worn,-59.42
ears,-59.47
sejanus,-59.48
ere,-59.52
mistress,-59.54
things,-59.60
woe,-59.66
cannot,-59.85
action,-59.96
note,-60.08
room,-60.30
fancy,-60.38
different,-60.38
spirits,-60.40
country,-60.57
content,-60.58
small,-60.97
mat,-61.00
tongue,-61.03
drew,-61.40
case,-61.46
fame,-61.49
right,-62.06
weak,-62.47
sight,-62.48
days,-62.50
lie,-62.54
drum,-62.72
book,-62.82
wealth,-62.83
glad,-62.92
kings,-63.03
lies,-63.44
derived,-63.63
next,-63.83
grace,-63.87
hundred,-64.06
back,-64.38
find,-64.49
ha,-64.88
edmund,-65.01
dost,-65.15
hell,-65.15
jew,-65.60
haue,-65.94
news,-66.12
caesar,-66.14
whom,-66.30
wear,-66.50
seem,-67.55
wherefore,-67.72
cold,-68.06
fit,-68.25
ten,-68.76
wife,-68.76
hear,-68.81
dead,-68.91
break,-69.20
gentleman,-69.24
ships,-69.68
excellent,-70.02
bed,-70.33
deserve,-70.76
hour,-70.88
lost,-71.09
gods,-71.39
near,-71.53
receive,-71.92
mark,-72.32
france,-72.68
unto,-72.95
sun,-73.51
making,-73.63
q,-74.21
act,-74.26
above,-74.29
less,-74.42
noble,-74.63
hot,-74.87
ah,-75.00
counsel,-75.58
times,-76.08
water,-76.37
yours,-77.59
hate,-77.77
plays,-77.90
dish,-77.90
part,-78.08
under,-78.25
set,-78.26
prince,-78.48
high,-78.74
sister,-78.74
cap,-78.84
ladies,-79.58
ile,-79.90
grief,-79.93
state,-80.10
over,-80.17
queen,-80.28
classical,-80.57
wilt,-81.12
thoughts,-81.27
himself,-81.52
looks,-82.11
led,-82.55
hands,-82.78
mother,-83.72
takes,-83.76
command,-83.97
uncle,-83.99
ground,-84.05
round,-84.17
hold,-84.35
reason,-84.47
cause,-84.55
follow,-84.82
tears,-84.92
came,-85.19
hope,-85.26
ye,-85.42
base,-85.85
remember,-85.88
face,-85.92
whole,-86.09
known,-86.17
stood,-86.18
words,-86.48
talk,-86.92
having,-87.59
further,-87.60
kiss,-88.18
hence,-88.28
story,-89.00
friend,-89.66
fol,-89.82
sit,-90.22
left,-90.30
seek,-91.61
history,-91.64
ride,-92.17
mor,-92.30
indeed,-92.38
show,-92.49
daughter,-92.63
within,-92.82
because,-93.04
send,-93.10
soul,-93.84
brother,-94.07
golden,-94.09
each,-94.41
myself,-94.78
best,-94.93
please,-95.06
faustus,-95.40
pray,-96.41
poor,-96.43
youth,-96.91
yourself,-96.92
its,-97.01
rest,-97.16
tale,-97.80
safe,-98.35
honest,-98.49
late,-98.61
lead,-98.89
bid,-99.11
half,-100.53
murder,-100.91
gentlemen,-101.02
far,-101.06
means,-101.96
proud,-101.97
home,-102.33
wit,-103.88
presently,-104.06
fiend,-104.54
live,-105.11
eat,-106.23
form,-106.46
straight,-107.09
cast,-107.30
both,-107.35
long,-108.04
subject,-108.15
shakespeare,-108.28
does,-109.57
said,-109.61
stage,-110.92
last,-111.57
bring,-111.66
duke,-111.68
answer,-112.58
fall,-112.68
matter,-112.82
humour,-114.77
thousand,-114.97
third,-115.70
thing,-115.86
dear,-116.36
god,-117.09
keep,-117.50
drink,-119.52
jonson,-120.25
sword,-120.82
gone,-121.00
y,-121.41
ay,-122.30
found,-122.80
conscience,-122.96
nay,-123.23
gives,-123.52
stand,-123.65
worth,-123.99
saw,-124.07
devil,-124.58
way,-125.00
through,-125.92
comes,-126.60
fine,-127.62
day,-128.03
mind,-128.04
name,-128.36
turn,-128.61
nature,-128.64
else,-130.21
get,-130.48
night,-132.98
bear,-133.69
again,-134.27
air,-134.86
men,-135.57
still,-136.38
three,-137.81
down,-137.87
itself,-138.37
kent,-138.64
eye,-138.68
told,-139.51
till,-139.69
doth,-140.35
many,-141.02
leave,-141.66
heaven,-141.87
rather,-142.03
after,-142.42
true,-144.71
sound,-145.09
fear,-145.61
gold,-145.81
sleep,-146.16
once,-146.21
head,-146.34
run,-146.67
hand,-147.02
second,-149.75
edw,-149.85
die,-151.23
without,-152.93
place,-153.02
power,-153.27
earth,-154.17
blood,-154.22
forth,-154.88
tis,-154.98
nothing,-156.16
years,-157.26
welcome,-161.04
against,-163.85
play,-164.11
use,-164.83
horse,-167.66
hast,-167.70
while,-168.57
house,-168.82
even,-169.48
kind,-169.90
stay,-171.53
thought,-171.66
mine,-172.43
makes,-172.55
lady,-172.68
done,-174.44
two,-175.93
whose,-177.83
body,-177.84
father,-179.23
son,-181.55
master,-182.34
call,-182.40
own,-184.20
those,-186.02
sweet,-187.30
though,-187.52
ever,-188.65
new,-189.75
world,-191.66
eyes,-192.84
another,-197.13
old,-197.60
woman,-198.25
since,-198.52
fire,-200.65
off,-202.18
great,-202.96
full,-203.32
says,-203.63
put,-205.10
might,-206.04
exit,-209.13
little,-211.90
every,-212.06
art,-213.82
better,-224.40
win,-225.31
death,-229.20
could,-234.22
first,-243.95
made,-249.03
therefore,-252.58
about,-255.23
k,-258.06
been,-260.13
who,-261.61
much,-261.69
being,-261.73
before,-264.00
speak,-266.96
say,-269.26
love,-273.73
lord,-275.33
take,-278.65
life,-281.32
never,-283.31
time,-300.88
too,-301.49
heart,-302.53
why,-303.22
fair,-303.72
think,-305.75
only,-311.57
where,-315.82
up,-315.87
upon,-320.04
hath,-329.25
any,-329.40
most,-334.63
other,-335.79
tell,-335.80
into,-336.05
light,-339.14
give,-341.55
has,-353.99
did,-357.00
king,-357.07
look,-361.37
very,-361.50
away,-365.74
nor,-366.83
can,-374.62
thus,-391.68
should,-429.30
must,-436.32
know,-437.57
some,-437.70
well,-458.07
us,-459.47
them,-461.17
am,-471.55
such,-491.21
had,-498.41
were,-503.76
good,-505.78
yet,-515.09
than,-532.07
she,-534.82
then,-569.40
thee,-578.45
like,-597.86
come,-612.64
these,-615.48
there,-625.34
go,-637.85
when,-638.88
let,-654.14
here,-654.58
sir,-658.71
one,-672.19
man,-679.70
make,-684.03
see,-706.39
may,-714.76
how,-715.10
out,-726.54
more,-741.58
thy,-744.68
they,-767.61
would,-812.69
we,-839.91
o,-847.58
do,-854.80
an,-861.44
their,-861.45
if,-880.77
was,-911.90
our,-941.36
which,-996.07
thou,-1038.28
what,-1079.23
at,-1110.82
are,-1114.09
shall,-1137.06
now,-1223.94
from,-1234.34
on,-1251.18
her,-1254.10
no,-1272.72
by,-1351.52
all,-1383.73
or,-1421.05
so,-1492.26
will,-1608.90
him,-1651.85
have,-1812.16
your,-2034.05
but,-2135.02
me,-2225.31
he,-2263.08
as,-2325.98
for,-2398.35
it,-2427.00
be,-2617.55
is,-2662.20
this,-2679.50
not,-2773.61
his,-2869.30
my,-3053.35
with,-3288.35
that,-4021.81
you,-4512.96
in,-5096.93
i,-6188.68
a,-6770.21
to,-7780.92
of,-8685.74
and,-11625.61
the,-14325.99
